store_id,sp_id,group,segment,apr_sph,may_sph,hours,apr_sales,may_sales,apr_quantity,may_quantity,apr_price,may_price,apr_rts,may_rts
1,C1_1,Control,,1132.9752238252534,1235.806015691787,140,158616.53133553546,173012.8421968502,99.73651200833062,102.90220171241089,200.8790024759128,194.47883165063564,0.012487582537401926,0.012022538510062505
1,C1_2,Control,,1757.8680387904974,1918.2475383195026,140,246101.52543066963,268554.65536473034,97.76262060264708,97.84932915491838,202.65557705088605,209.18701051573765,0.010280504577202332,0.011377622215272339
1,C1_3,Control,,1543.5579542310193,1680.87474088508,140,216098.1135923427,235322.4637239112,102.88638092555729,103.27513297869879,200.28228592896843,202.95747734442074,0.009121698681797045,0.008717941464161102
1,C1_4,Control,,1006.775990639994,1095.085800780742,140,140948.63868959917,153312.01210930388,100.4214607225797,97.12049268153892,201.04529152779838,198.67337654576542,0.012065256506355294,0.010916106473508061
1,C1_5,Control,,1285.0843292248608,1397.2640383442367,140,179911.8060914805,195616.96536819314,99.15754294461115,97.14229999734205,197.7640919855136,196.86191663053566,0.010844211739772047,0.01171808788393458
2,C2_1,Control,,1954.095365944567,2131.308255495897,140,273573.3512322394,298383.15576942556,101.20530864638106,104.10392363918756,216.77650833328602,226.2836159239675,0.011940652084777105,0.01194058215031598
2,C2_2,Control,,730.6606317974994,793.7085499793625,140,102292.48845164992,111119.19699711075,102.90403483073554,102.36415832752459,196.93783263110598,201.81706185700995,0.010209528357477932,0.011675426230571455
2,C2_3,Control,,1329.9906161585684,1462.6532246916179,140,186198.68626219957,204771.4514568265,98.66529756165751,97.58909908272274,198.7270061544387,200.82738885029195,0.00970196050845508,0.01061148188136199
2,C2_4,Control,,1838.4452824270818,1997.6570616577137,140,257382.33953979146,279671.9886320799,101.04246294554882,100.44052150355617,186.7944306158782,179.9161237352292,0.012195602308826093,0.011983496967651368
2,C2_5,Control,,1198.642284135891,1303.4270180722801,140,167809.91977902476,182479.7825301192,103.54593819648466,104.21423073243307,204.44994553112807,212.79728909588025,0.009556461956806355,0.009124115642912453
3,C3_1,Control,,1254.9985593288054,1368.5468041725828,140,175699.79830603275,191596.5525841616,97.42648818656427,95.89288115478276,196.15734749472983,201.6186398106221,0.009402700008764758,0.009443393639821078
3,C3_2,Control,,1430.2517141343544,1565.1241082818317,140,200235.2399788096,219117.37515945642,98.56111067757911,99.59736847946965,198.61464171309626,198.0719017468193,0.00903814362943777,0.00924567493506603
3,C3_3,Control,,1906.081292652708,2078.822237504987,140,266851.3809713791,291035.11325069814,98.46390769385083,96.52711712955478,196.2784094887453,193.72920611422376,0.008169258221894543,0.007304830982931805
3,C3_4,Control,,1266.9938058100263,1387.0206155865205,140,177379.13281340367,194182.88618211288,99.3429635809368,101.67418837503844,198.22519751678024,197.48496479441877,0.009924626136937733,0.010783886997731381
3,C3_5,Control,,1325.469816921602,1442.5046357190884,140,185565.77436902426,201950.64900067236,99.23967038326684,97.9087836185377,197.49737675105132,191.68698031823882,0.008794322561790085,0.008414280357748759
4,C4_1,Control,,1328.3590221298664,1450.8872598256728,140,185970.26309818128,203124.2163755942,100.26120873376934,103.6849701615836,198.70340336425122,196.5487625472369,0.010928125035592293,0.010522418578208053
4,C4_2,Control,,2120.4434296330583,2323.482255886332,140,296862.08014862816,325287.5158240865,98.01886681476576,98.78202629920106,198.65460482988522,202.66969437218017,0.008727313169877475,0.008203946120274044
4,C4_3,Control,,2114.700231507558,2303.657447419172,140,296058.0324110581,322512.0426386841,98.41429087727344,97.50622681043305,198.14758568572503,189.30876627103456,0.009869457101026134,0.010117795656138576
4,C4_4,Control,,1759.8805741790848,1923.4825552867703,140,246383.28038507188,269287.55774014787,100.26219882300039,102.86834483211508,198.07922611042306,196.70814121073408,0.013295792516411779,0.012621061202459994
4,C4_5,Control,,1574.5203245678786,1720.1896471610141,140,220432.845439503,240826.55060254197,99.96944157450265,98.0036726062465,205.46120450478455,206.2292713407061,0.011308854760814195,0.01146114615857356
5,C5_1,Control,,1679.8749775842944,1822.8402131179905,140,235182.49686180122,255197.62983651867,101.40777747335564,101.09687097327088,203.32569684195076,204.04282400008978,0.011016536195609848,0.01380046055448079
5,C5_2,Control,,1905.8840132606613,2077.7309355800858,140,266823.76185649255,290882.330981212,100.47832790488651,101.26140164161535,203.3558238353874,197.66042603674268,0.009342978539882266,0.009306690367579995
5,C5_3,Control,,1177.9142442947043,1292.1099515630488,140,164907.9942012586,180895.39321882682,101.20331112615676,101.74420230953041,195.25636783759558,189.54489035248267,0.01071813285425335,0.010301449403723774
5,C5_4,Control,,1811.4131182500525,1978.282576527472,140,253597.83655500735,276959.56071384606,97.37371377595224,94.13976762916106,205.20271640239628,210.84783028621058,0.01101183908333874,0.00936147114295991
5,C5_5,Control,,1082.500204490718,1176.2952675822996,140,151550.02862870053,164681.33746152194,98.89278523280367,97.834716937527,204.5768347891339,198.65347629657484,0.009358549724415063,0.009426092936948204
5,C5_6,Control,,1267.3389540793985,1387.471244866918,140,177427.4535711158,194245.97428136852,103.35637775680213,104.47607123159906,196.15159059914663,201.3941323522112,0.011089911201082742,0.009998001545602207
6,T6_1,Treatment,4.0,1775.3883215606195,1816.965927324041,140,248554.36501848671,254375.22982536576,96.98547847376712,94.22988413363404,193.09946165767386,174.24489582168184,0.012512032876393776,0.004021252227604043
6,T6_2,Treatment,1.0,1074.6525527527383,1322.5753635045048,140,150451.35738538337,185160.55089063066,99.36049936918317,113.45219028429717,204.3867359104989,209.43491384447935,0.010379608285352766,0.015999522004096982
6,T6_3,Treatment,2.0,1461.2361467639291,1657.1624326441893,140,204573.0605469501,232002.7405701865,101.73326506569323,103.24617281587035,189.48515999377068,192.35676461297868,0.00887947436789805,0.007155016009483657
6,T6_4,Treatment,1.0,1244.7302940626234,1532.3967580308754,140,174262.24116876727,214535.54612432254,100.41483079442061,112.72052103778053,199.39535273365715,194.48308177399772,0.00998291616534407,0.016582831391682956
6,T6_5,Treatment,2.0,1426.57095166135,1610.9329865686748,140,199719.93323258898,225530.61811961446,101.13753358915785,101.10167695548238,202.55759336842868,208.01712144538774,0.009828624284401007,0.006757371251623156
7,T7_1,Treatment,1.0,663.6800311823117,829.9860864515309,140,92915.20436552365,116198.05210321433,96.64963670748202,112.88275945516288,206.09851493153246,208.0537183619745,0.009993523180009206,0.01844508287322994
7,T7_2,Treatment,1.0,971.796831467575,1195.0240037308813,140,136051.5564054605,167303.36052232338,100.42654111192324,115.52771563514169,185.19889731399854,175.54358969758775,0.010524715198731108,0.018365284536019544
7,T7_3,Treatment,1.0,1293.2935924411538,1593.259111148383,140,181061.10294176152,223056.27556077362,100.72064595797842,114.92486346346244,197.46422896713693,193.90193643671324,0.010070907494449983,0.01758181488819431
7,T7_4,Treatment,4.0,1781.4954923481037,1825.1949129170648,140,249409.3689287345,255527.28780838908,99.63161230574504,97.1960148221271,201.2711218291942,192.74057750423248,0.009720149928774378,0.0013574924946542356
7,T7_5,Treatment,2.0,1451.1660579834643,1643.287048197218,140,203163.248117685,230060.1867476105,99.54462641092768,103.50357269113941,199.62867385425346,201.21075047910244,0.009091950590974878,0.006730063887131703
8,T8_1,Treatment,3.0,1504.1105375895725,1611.0430559316683,140,210575.47526254013,225546.02783043357,99.56979732455588,100.86916392554116,196.32569815778223,202.47048525755307,0.00929543344185856,-0.0005185434849969816
8,T8_2,Treatment,4.0,1709.7235761512145,1757.2735221995188,140,239361.30066117004,246018.29310793264,100.2303496745655,101.03575949726547,203.2880609231947,196.36939221660873,0.011784227025302355,0.004430020250824416
8,T8_3,Treatment,1.0,1239.3958599178136,1519.1095812983478,140,173515.4203884939,212675.3413817687,97.51741556779302,111.12889664659467,195.47235260307716,198.84823779801428,0.00950487643454739,0.016588264638450638
8,T8_4,Treatment,3.0,1588.3449599627163,1702.9960131800733,140,222368.29439478027,238419.44184521027,97.04411118801121,98.59592532658685,201.8956772067448,199.69833217287547,0.010536735613661002,0.00029930476528479183
8,T8_5,Treatment,1.0,1261.6468074008444,1544.519792551564,140,176630.55303611822,216232.77095721895,99.32699722286814,112.9971646183532,194.76325640433848,188.90320137473702,0.010489530692599358,0.018165644983024212
9,T9_1,Treatment,1.0,984.9559145843468,1212.1127871988676,140,137893.82804180856,169695.79020784146,96.45028288277072,110.4115622858711,205.83270581400063,202.52391049861293,0.011547634841393614,0.01761941832711999
9,T9_2,Treatment,2.0,1385.9868246939986,1565.353570902045,140,194038.1554571598,219149.4999262863,98.00739686989559,102.87905924096951,203.92627766929817,205.64765321924997,0.010909316689457228,0.0084804645328348
9,T9_3,Treatment,3.0,1675.3985215420464,1786.0163125612671,140,234555.7930158865,250042.2837585774,98.32551186268347,102.79012519203987,197.58253015801537,199.87383890208363,0.009773271222607906,0.00022116121940151182
9,T9_4,Treatment,3.0,1604.8334781204694,1709.961903189567,140,224676.6869368657,239394.66644653937,100.91431294150843,100.10010413435002,203.38477964105724,198.8253049004091,0.011075175001263796,0.0007732234029366391
9,T9_5,Treatment,3.0,1499.707614476883,1604.0490556821696,140,209959.0660267636,224566.86779550376,99.6644692295638,98.68586838223152,200.55308406725854,196.13864392104392,0.01222329986534008,0.003494687090943696
10,T10_1,Treatment,4.0,2220.966342601847,2271.8103557152467,140,310935.2879642586,318053.4498001345,97.04288526624694,96.67868159479676,205.19759512790657,196.29543784282413,0.008762154175028328,0.0011947521489850629
10,T10_2,Treatment,3.0,1627.1304109131627,1746.8193321169751,140,227798.25752784277,244554.70649637652,100.39211001914748,100.09858021264334,204.50627315462296,201.84623688509484,0.011221547688957029,0.001322230387843422
10,T10_3,Treatment,4.0,1796.877564601733,1839.3968340624622,140,251562.85904424262,257515.55676874472,100.30736688844638,96.04246230570162,201.34532488114564,180.49911571020067,0.010928188370840673,0.002388265092370877
10,T10_4,Treatment,4.0,2174.6997643699146,2220.811862268078,140,304457.96701178805,310913.66071753093,95.4423941220144,96.48452145796088,195.35190949366557,185.91556873662518,0.010714348383554579,0.004768056424735682
10,T10_5,Treatment,1.0,1115.0311658721544,1372.058636206427,140,156104.36322210162,192088.2090688998,103.26261747881114,116.0169874570535,205.18002595238733,211.98423475023174,0.011308069574618128,0.016744682907283565
11,T11_1,Treatment,1.0,1191.620299759043,1466.933057128614,140,166826.84196626602,205370.62799800598,100.77274216022401,117.46335086270078,197.15532385521198,193.21656917612268,0.010568347683048339,0.017202934025492563
11,T11_2,Treatment,4.0,2026.3704303574082,2066.558128551008,140,283691.86025003716,289318.1379971411,101.56508139678411,103.83283964327461,202.8967855338285,192.45729980797697,0.011381078884726772,0.0042791670196233355
11,T11_3,Treatment,1.0,1263.8379422482103,1549.8349050521715,140,176937.31191474944,216976.88670730402,99.75243860516812,113.56155507861013,206.92445897706287,202.36659352796795,0.0096299063808407,0.017184502333243673
11,T11_4,Treatment,3.0,1512.161731911528,1617.8828194692333,140,211702.6424676139,226503.59472569264,99.12736797385453,100.00453520166725,188.34648158339274,183.7917591270248,0.009255923933001939,0.0003156907826122866
11,T11_5,Treatment,4.0,1824.0515536478335,1864.2157076747174,140,255367.2175106967,260990.19907446043,97.19743507596424,96.67298262432091,208.57866397465432,204.36087247009192,0.009507573137123717,0.002790431221118245
12,T12_1,Treatment,4.0,1770.4686802084802,1810.6237913106015,140,247865.61522918724,253487.3307834842,97.65163606712885,96.48094890178649,198.8172734577681,189.32906032029797,0.010485999116535846,0.0028202153883966265
12,T12_2,Treatment,4.0,2029.7226174148618,2074.9980613701673,140,284161.16643808066,290499.7285918234,101.20269465393467,103.37073736265215,196.11703598989172,184.6680772673184,0.008478222209074422,0.0008488457215361873
12,T12_3,Treatment,4.0,1951.95000393057,2007.1272888496285,140,273273.0005502798,280997.820438948,96.81885925232115,95.8928717185068,198.4808822754336,186.92236360682523,0.009709916744503718,0.003410182091261804
12,T12_4,Treatment,4.0,1824.07456373225,1864.660776341941,140,255370.438922515,261052.50868787174,104.2615664966102,102.4595443209186,200.06337310725988,194.6554035750864,0.010322978380136986,0.002180232648084906
12,T12_5,Treatment,1.0,1271.4441485463717,1566.617892424338,140,178002.18079649203,219326.5049394073,99.784743945814,114.49286144743238,201.54150841952517,204.1401586167213,0.010551732795039098,0.0176762355719869
13,T13_1,Treatment,4.0,1741.7155631584944,1783.3756433507558,140,243840.17884218923,249672.59006910582,100.38721147890773,96.7600752840669,197.51185868721237,191.96712106716328,0.010534495045400197,0.002555677824324507
13,T13_2,Treatment,3.0,1597.5383611725892,1717.0391042408949,140,223655.3705641625,240385.4745937253,103.5731460789923,103.28860305796788,198.38075661573987,199.71174491656183,0.01001654973093705,0.0003182562690368083
13,T13_3,Treatment,1.0,1105.3771248383923,1363.3745844469336,140,154752.79747737493,190872.4418225707,102.37450282325786,115.36783565967973,198.9257534533873,208.42252457501993,0.011449946217985568,0.01948057779150971
13,T13_4,Treatment,4.0,1928.4464767635848,1963.1927068094835,140,269982.50674690184,274846.9789533277,99.95981978500483,98.4264438950058,203.66093053029442,193.403678490431,0.01313195312917501,0.005975610210279719
13,T13_5,Treatment,4.0,1745.427723194099,1791.6069593429108,140,244359.88124717385,250824.9743080075,102.5603916516092,105.72180992176231,202.28291723737854,191.16269829632265,0.009830586969161035,0.003112355428355468
14,T14_1,Treatment,3.0,1516.9037870098582,1610.596065470671,140,212366.53018138016,225483.44916589392,103.28950427339294,102.11528280935643,210.59994851119836,202.3470085119201,0.008766151362718088,-0.0005185434849969816
14,T14_2,Treatment,2.0,1433.329144525205,1625.392480777034,140,200666.08023352872,227554.94730878476,101.32481107214551,106.01952418195177,199.67172923117164,189.59151427229176,0.009846789788028743,0.007668710237361015
14,T14_3,Treatment,1.0,1143.7664194102929,1405.0562764953347,140,160127.298717441,196707.87870934687,99.9232845032851,114.20028936239142,197.5695599754009,196.09611762717114,0.011556492456966615,0.01892461586820627
14,T14_4,Treatment,3.0,1563.113984888119,1665.306563896535,140,218835.95788433665,233142.9189455149,97.97033699992338,95.9388649071393,187.0002027861795,189.73142306824516,0.01038941650872753,0.001213790920812995
15,T15_1,Treatment,3.0,1643.7884986542224,1757.6558188948172,140,230130.38981159113,246071.81464527443,101.65159023705166,99.48104717579237,203.72926893129,198.34853287857018,0.008601622897448279,-0.0005185434849969816
15,T15_2,Treatment,1.0,1253.9102675475453,1546.140139876991,140,175547.43745665633,216459.61958277875,100.77324914967784,109.85674078854835,197.1428153249476,200.71203487820745,0.010724990254206025,0.017786505345099554
15,T15_3,Treatment,4.0,1851.9179775503878,1888.2729791064144,140,259268.5168570543,264358.217074898,99.99458826930605,101.76595234483486,198.4576397700545,177.98865828048756,0.010360832979267981,0.003645518996559361
15,T15_4,Treatment,1.0,1174.0958488756187,1451.0041636560313,140,164373.41884258663,203140.5829118444,103.14887472785732,114.87880705177177,203.39804824451076,209.8437471441934,0.01000094599447341,0.018345103843168238
16,T16_1,Treatment,1.0,866.3266578077966,1072.6096652115589,140,121285.73209309152,150165.35312961825,99.41928131112194,112.81611752172269,204.2849484620981,205.6282882673644,0.010162550445206756,0.01831159911834341
16,T16_2,Treatment,4.0,1815.1748900883392,1854.5164250973698,140,254124.4846123675,259632.2995136318,100.6352683291439,100.31741420296852,200.03014011361586,180.79261535562486,0.009187979501326712,0.0006231111601875315
16,T16_3,Treatment,2.0,1382.2469513898968,1552.0431971451305,140,193514.57319458557,217286.04760031827,98.4187100117066,101.1671354861541,207.86243504038745,202.9334054910781,0.009442357523005013,0.006693242741145588
16,T16_4,Treatment,2.0,1465.4478872266245,1650.8385172693636,140,205162.70421172742,231117.39241771091,98.36130182433234,100.0789014641816,193.96238763934815,199.94780202679257,0.010188365356919306,0.005945127660780742
17,T17_1,Treatment,1.0,1252.0017459730132,1538.3128402341401,140,175280.24443622184,215363.7976327796,97.92634495811286,108.54125668704584,202.22668001820261,200.59551245922182,0.011137349121978134,0.01805593071543788
17,T17_2,Treatment,1.0,1021.4679346053083,1251.8014375191751,140,143005.51084474317,175252.20125268452,98.46261445761908,116.66716369690982,190.7830855703476,186.1357838975521,0.011051649409510879,0.016965272443173994
17,T17_3,Treatment,4.0,1879.8279752377946,1929.5612497920804,140,263175.9165332912,270138.57497089123,99.84220558603484,99.27864124837166,192.4339370784804,179.57379745497747,0.008453585364814544,7.742015001249106e-05
17,T17_4,Treatment,2.0,1296.5960676664527,1471.1514457150586,140,181523.44947330336,205961.2024001082,98.68856620816749,98.9611296941529,201.71852089909675,197.61054228826063,0.009358902836890544,0.006039377493383432
18,T18_1,Treatment,4.0,2001.542509264911,2036.7577100486476,140,280215.95129708754,285146.0794068107,99.15037174157125,100.57860513153416,201.73553770541832,191.91582483628855,0.011238336869719038,0.002767430820775736
18,T18_2,Treatment,4.0,1745.4492186837476,1789.105416572125,140,244362.89061572467,250474.7583200975,100.8963809576616,100.543009134449,193.1602331109961,180.48990877988265,0.011245434798779399,0.004506754513909203
18,T18_3,Treatment,2.0,1408.829318805291,1590.070454923936,140,197236.10463274075,222609.86368935104,100.11327017376685,101.12173548777291,194.2414618608103,192.13640178683735,0.010852796612607619,0.007977624858851309
18,T18_4,Treatment,1.0,1177.4860424824692,1447.2600336121725,140,164848.04594754567,202616.40470570416,102.96894327600492,113.57593596207496,202.5159672375276,195.10788726766611,0.008607603582501644,0.014716914984925321
19,T19_1,Treatment,1.0,1283.518166804392,1576.0338594809323,140,179692.54335261488,220644.7403273305,100.29447222415443,114.56374571997762,203.8611567774571,209.1358647180984,0.011023920759431906,0.017879142515826944
19,T19_2,Treatment,1.0,1139.499823491978,1404.5988115866176,140,159529.97528887694,196643.83362212646,99.10695303058698,115.83285609702266,197.68814592994084,198.31769007411552,0.011076591534669156,0.017726453045695895
19,T19_3,Treatment,4.0,2129.3907706969844,2180.4148997832663,140,298114.70789757784,305258.0859696573,101.2040620557367,98.12076670678864,198.7426085474215,182.2023633769676,0.008964541422996932,0.0022245552549652846
19,T19_4,Treatment,3.0,1552.5891318894764,1666.5902785682647,140,217362.4784645267,233322.63899955706,100.44165303045953,100.35685797246462,201.6060265487089,201.95813322033513,0.009174469141131101,-0.0005185434849969816
20,T20_1,Treatment,4.0,1848.3184255845188,1900.1518642446972,140,258764.57958183263,266021.26099425764,97.60772945693112,97.35638671380825,197.8225440092196,188.71490966881333,0.008650191068122344,0.001348242424129926
20,T20_2,Treatment,1.0,1123.0511481174608,1382.643185225124,140,157227.16073644452,193570.04593151735,102.05890436672465,116.83758078021823,201.25042667175484,207.63427409846477,0.009478111769634355,0.018152546994194198
20,T20_3,Treatment,3.0,1557.5673016996302,1667.0482263333345,140,218059.42223794822,233386.75168666683,99.8606473014093,97.25414308482054,205.94451311661038,198.4096613626009,0.011472103237174573,0.0005051144070060268
20,T20_4,Treatment,4.0,1856.6153444631025,1896.3041405629267,140,259926.14822483435,265482.57967880974,98.39165999783008,98.19832514984627,202.46216133111812,193.2204224368219,0.009704100353085233,0.0023784029497630043
21,T21_1,Treatment,2.0,1402.7535342406243,1588.8358314616933,140,196385.4947936874,222437.01640463705,98.40525963167187,101.71483170743953,198.03955340431776,192.5436152371998,0.010828227286843423,0.00851316388460813
21,T21_2,Treatment,4.0,1812.5911004970517,1853.3195976212521,140,253762.75406958724,259464.7436669753,98.83517584249051,98.31467666922407,197.90855602845647,195.53153826004413,0.012007007749654902,0.0027330351702195207
21,T21_3,Treatment,1.0,1177.8863892187992,1451.001754086808,140,164904.0944906319,203140.24557215313,102.10753037848065,115.31117840911146,191.71475246075934,196.3924854354909,0.009600322078415947,0.014936860824150506
21,T21_4,Treatment,1.0,1094.2152994349537,1356.292967196102,140,153190.1419208935,189881.01540745428,99.16032007131345,111.48156838654576,194.88432864886423,191.5281077075327,0.009608139096521993,0.016560554204311975
22,T22_1,Treatment,3.0,1617.07694644397,1729.6417814267884,140,226390.7725021558,242149.84939975038,98.1141522721416,93.89546874488997,198.64804886723604,199.52472968974124,0.011236883301281886,0.002261098923275709
22,T22_2,Treatment,2.0,1389.5038324487634,1571.3829754863107,140,194530.53654282689,219993.6165680835,97.72647648668281,99.51309722317244,202.38334724480228,196.2117551132471,0.010228067202762247,0.006802597672080579
22,T22_3,Treatment,4.0,1695.8731696020784,1747.575738558308,140,237422.243744291,244660.60339816313,100.09482951729237,100.05570924519586,199.89447659012166,189.08294991974878,0.00885184061359536,0.0015482894321471323
22,T22_4,Treatment,1.0,909.8903833643943,1123.1224560660798,140,127384.6536710152,157237.14384925118,98.16774193295542,112.80321702019755,199.41299721606043,193.2008680755422,0.00968504039211678,0.01563548679939774
23,T23_1,Treatment,4.0,1716.9361534616846,1759.7020602532627,140,240371.06148463584,246358.28843545678,100.84532718244705,98.90427156511838,207.60522649687107,197.06653772885602,0.011021778820506301,0.0018258605936873039
23,T23_2,Treatment,4.0,2282.7479410013234,2327.6210597054687,140,319584.7117401853,325866.9483587656,104.46617723717323,104.1984544594859,192.28210612900548,180.0210113533305,0.01047140859342981,0.003674506433983279
23,T23_3,Treatment,3.0,1495.8689683910848,1601.7570335034666,140,209421.65557475187,224245.98469048532,103.07658951772525,102.66841488188098,205.4677800401286,209.3345045929001,0.008855479322869035,-0.0005086761229525253
23,T23_4,Treatment,3.0,1513.4994014934816,1612.1338881159352,140,211889.91620908742,225698.7443362309,102.1640449331614,103.84688304304225,205.60053686555807,204.07580424305564,0.009928406282990472,-0.0005185434849969816
24,T24_1,Treatment,3.0,1557.1216082121327,1672.7169212357812,140,217997.02514969857,234180.36897300938,96.91932814559169,97.63747230574285,200.4999083083714,206.73636390442243,0.010839333701759959,0.0012795520320015431
24,T24_2,Treatment,1.0,944.6640495829929,1165.3588418386232,140,132252.966941619,163150.23785740725,96.9705584050039,108.49954309784452,199.48541823718256,201.27103104899567,0.008948553607445394,0.016082028371037636
24,T24_3,Treatment,3.0,1631.100754727622,1741.4874422078599,140,228354.10566186707,243808.24190910038,102.6005108673486,101.9302228670429,193.69594845301677,191.51126304971197,0.010768339704846247,0.002077031121098835
24,T24_4,Treatment,1.0,1021.6338396157396,1254.3250483707643,140,143028.73754620354,175605.506771907,96.52383776527385,109.35269414763293,202.79257081601108,199.34765651852769,0.010678395124191576,0.01807733285176278
25,T25_1,Treatment,2.0,1374.9528833833876,1558.020793989001,140,192493.40367367427,218122.91115846013,98.68016867133731,104.34778445599991,201.7986359376414,197.95923917659664,0.00981310431240656,0.007656214081799123
25,T25_2,Treatment,4.0,1876.1176277016502,1917.0146592230985,140,262656.467878231,268382.0522912338,100.70408624994671,96.94584715477124,200.69477446144145,204.66920309790487,0.01003816450865675,0.002100334240729702
25,T25_3,Treatment,1.0,1282.6916759905062,1576.448855847439,140,179576.83463867087,220702.83981864146,99.58164270343433,114.44438895643155,195.09954702461602,196.7113628571657,0.009579583795872117,0.016191359716137402
25,T25_4,Treatment,3.0,1653.6314596907491,1774.096495724061,140,231508.40435670488,248373.50940136853,99.7567717101252,99.94207150673576,204.0810305152736,204.58311180555526,0.00874867924962717,-0.0005185434849969816
26,T26_1,Treatment,4.0,1807.0784790074401,1846.0091427350355,140,252990.9870610416,258441.27998290496,99.8053185846821,97.41524820015637,204.45031268232668,198.45362758217743,0.00973538036085578,0.0023550973242368717
26,T26_2,Treatment,3.0,1586.879019649329,1697.938540332864,140,222163.06275090604,237711.39564660095,98.63794710274428,94.74835715772166,194.64882286843834,188.51496175316677,0.010635856128999395,-0.0005185434849969816
26,T26_3,Treatment,1.0,1091.9722217921467,1350.7946795220973,140,152876.11105090054,189111.25513309363,98.32522371305274,111.02150739447775,199.32814363415972,195.3948239354917,0.010294919358548338,0.017842073666909042
26,T26_4,Treatment,2.0,1403.514180215105,1588.0886065861598,140,196491.9852301147,222332.4049220624,99.63118893933107,104.34209740660386,209.06917770837728,204.2182951228421,0.009204338417974418,0.006479891788288823
27,T27_1,Treatment,4.0,2091.0801655370146,2135.517833115603,140,292751.22317518207,298972.4966361844,98.72424439826092,97.69162655836207,196.99051534736742,183.9603452620499,0.010584964008951156,0.0027489737663245074
27,T27_2,Treatment,1.0,895.7430339212877,1099.9124014933623,140,125404.02474898029,153987.73620907072,103.8285644267387,118.05997263181784,198.58527505519604,194.00261811156443,0.009867734411590633,0.016685780365763528
27,T27_3,Treatment,2.0,1420.5209586606763,1607.286197150691,140,198872.9342124947,225020.06760109673,100.90642149654303,102.13421165259041,196.9144506397714,200.28202255459541,0.011099136398068025,0.00799648612767668
27,T27_4,Treatment,2.0,1337.6243413740967,1519.2813385126944,140,187267.40779237353,212699.3873917772,100.13238638178036,100.11186666927388,205.1014910273198,204.68164555683003,0.010772500532755422,0.007159049240289478
28,T28_1,Treatment,3.0,1539.4809717496707,1653.673988558327,140,215527.3360449539,231514.3583981658,97.88037272167443,95.9018152643637,198.82912499204213,199.50720780375528,0.009767993816010985,-0.0005185434849969816
28,T28_2,Treatment,4.0,1727.721447976698,1776.161708280417,140,241881.00271673774,248662.6391592584,102.12457107890089,102.76334936969268,200.23387864918752,181.3456811734985,0.010029186896156608,0.0023264070322145058
28,T28_3,Treatment,4.0,1985.8640532271452,2035.8858002621394,140,278020.9674518003,285024.0120366995,100.13020100503523,98.9830237617142,193.3226220338667,178.1541101790628,0.009940661564112021,0.0012042389259091825
28,T28_4,Treatment,2.0,1422.1870452177816,1610.7013597957427,140,199106.18633048944,225498.190371404,97.83692836975513,99.09764938799727,197.39998337093795,201.07230181760332,0.01100809525694243,0.00911141150483236
29,T29_1,Treatment,4.0,1746.959161813575,1784.2795192018218,140,244574.2826539005,249799.13268825505,100.83751508378658,101.15922647000752,192.08537064602203,178.8217879685079,0.010132442211988762,0.00234106477394341
29,T29_2,Treatment,3.0,1653.1788062800808,1769.8880215576078,140,231445.03287921133,247784.3230180651,101.72316887455143,104.43497951405305,204.25054906567684,199.83623652889145,0.011574514351781466,0.0015564752417592132
29,T29_3,Treatment,3.0,1645.560952182069,1759.6090721415171,140,230378.53330548966,246345.2700998124,100.63331929370096,102.36841080781204,204.9763463773177,199.79248849997347,0.010175666674184517,-0.0004584117740076149
29,T29_4,Treatment,2.0,1334.0795833625873,1512.8498369294543,140,186771.1416707622,211798.9771701236,100.45517682339499,105.01173452795638,195.1669838651654,186.77051676205073,0.01023734441186734,0.0083184126291888
30,T30_1,Treatment,1.0,1204.0603221877589,1478.096856042493,140,168568.44510628624,206933.55984594903,100.22869111651637,113.19024917726253,203.67422632715912,202.6856837008019,0.010620480716036319,0.017457757997959338
30,T30_2,Treatment,1.0,1173.2438290343198,1444.3484246928695,140,164254.13606480477,202208.7794570017,96.227316520624,107.31692926097001,208.13938779910472,212.5201265624643,0.009354686158567677,0.015953470327827957
30,T30_3,Treatment,1.0,1276.325600000792,1573.046029199851,140,178685.5840001109,220226.44408797915,102.94907415814644,119.2627227042346,209.63877555631345,210.8795989625127,0.010610568569536094,0.018278065752946868
30,T30_4,Treatment,3.0,1599.762735580397,1713.0020186736879,140,223966.7829812556,239820.2826143163,98.08523561029318,96.06174299299836,197.7762129788393,204.19118720777857,0.010735133917257824,0.0015942531084669554
31,T31_1,Treatment,4.0,1731.541580759028,1775.6519049026595,140,242415.8213062639,248591.2666863723,100.1526476182676,101.64131633097531,203.73981143889344,187.73624871140274,0.011451604450026905,0.0037659533172389272
31,T31_2,Treatment,3.0,1600.2974171775977,1705.0693816279122,140,224041.63840486368,238709.7134279077,98.21133267416805,101.09666896067996,202.6509225267331,194.72585925098392,0.010266725839354446,0.0005794310900071697
31,T31_3,Treatment,2.0,1338.5702339618067,1512.9720505834146,140,187399.83275465295,211816.08708167804,100.64336360304488,102.02082965848314,190.55671649950378,195.3166632096045,0.010325856287238585,0.008782902000526048
31,T31_4,Treatment,4.0,2045.0477958002716,2089.2122860595223,140,286306.69141203805,292489.7200483331,101.25516063257952,105.52856184751957,198.4935483270998,188.94605480123374,0.010552823398094859,0.0031368981396313997
32,T32_1,Treatment,4.0,1958.9164499099911,2008.1418490761466,140,274248.30298739875,281139.85887066054,101.11140595886657,99.96716791392939,193.56584209435658,179.746892836062,0.010408933887329212,0.003331001752753503
32,T32_2,Treatment,2.0,1397.056728995477,1574.939730238854,140,195587.9420593668,220491.56223343956,99.08792617942377,102.57108315054576,199.48483743609964,198.1321509113116,0.01198577894159629,0.01019189199872504
32,T32_3,Treatment,1.0,1256.2273410248292,1546.410889256534,140,175871.82774347608,216497.52449591475,100.43503622596151,116.81579491606897,193.1919737231063,198.81490633848165,0.010755084210583321,0.01791025856896876
32,T32_4,Treatment,3.0,1542.32124906792,1651.3570112172747,140,215924.9748695088,231189.98157041846,99.05848204360277,97.01638939403074,191.80332477543683,189.7592715830234,0.011042290907153732,0.0025869250986973224
33,T33_1,Treatment,4.0,1883.446356336835,1927.2223719214358,140,263682.4898871569,269811.13206900103,100.90169135762854,99.05851225022673,197.76237158020615,180.81170532067574,0.011722560754585377,0.004580318555519659
33,T33_2,Treatment,3.0,1603.086255996764,1723.953932600909,140,224432.07583954697,241353.55056412725,98.80851615954919,96.55831381486847,197.15410333851713,199.22172319794893,0.00960777702582584,0.00020985045289348392
33,T33_3,Treatment,3.0,1670.2213742935423,1792.675720164843,140,233830.99240109592,250974.600823078,100.88908887513522,103.32303425392804,206.86060232448307,206.45174457519875,0.011044099741514529,0.001178093603817869
33,T33_4,Treatment,2.0,1439.6327261378412,1621.853498411803,140,201548.58165929778,227059.48977765243,98.40536044259696,99.64481022515393,196.06495627850825,203.8679645980746,0.009943194927321049,0.00822415421361404
34,T34_1,Treatment,3.0,1640.1380313811983,1749.5015191522136,140,229619.32439336777,244930.2126813099,100.59100223699758,102.57248714428623,206.23294808409474,195.38458899306633,0.01158480926684293,0.000851931463013004
34,T34_2,Treatment,4.0,1966.6200982573705,2013.8680249098675,140,275326.81375603186,281941.52348738146,100.16167212006758,99.6851319145036,203.15143832564704,197.17759257253616,0.01007183350991364,0.002718888014895563
34,T34_3,Treatment,2.0,1431.3561283772158,1619.7106469351816,140,200389.85797281022,226759.4905709254,98.40459225212813,101.46498279340527,202.90907115573341,201.15847133117404,0.010231135770261902,0.008270039221420515
34,T34_4,Treatment,3.0,1546.2490825728908,1657.995265846406,140,216474.87156020472,232119.33721849683,98.562228445109,96.78070602989432,202.86207702694313,204.3396483204366,0.012211407094742338,0.003197325372703311
35,T35_1,Treatment,3.0,1579.4017057854173,1691.6499004647417,140,221116.23880995842,236830.98606506383,96.51850940128011,95.82372228653311,198.8068354158215,190.36535586201435,0.011959636057792693,0.0015465909164346613
35,T35_2,Treatment,3.0,1588.3743695518401,1703.9532111333112,140,222372.41173725761,238553.44955866356,97.16552971713044,95.88414760692486,203.75230942809506,199.9684864079889,0.009839724613151746,-0.0005185434849969816
35,T35_3,Treatment,1.0,1079.6900999991608,1332.6887365149516,140,151156.6139998825,186576.42311209324,101.52157456787253,114.63296137314948,200.7941029985108,194.34667408663256,0.011192897779838257,0.019782810304300243
35,T35_4,Treatment,1.0,940.1961660583607,1161.2904277660716,140,131627.4632481705,162580.65988725002,101.47568516079315,114.68301537339366,195.47152740603926,189.91393889236403,0.012333072284030286,0.020619770055533865
36,T36_1,Treatment,1.0,1197.3602415439773,1475.7350541187486,140,167630.43381615682,206602.9075766248,100.7047287416994,113.98288173225733,200.71044919983188,199.9851706905738,0.00827320142438541,0.01584364892663518
36,T36_2,Treatment,3.0,1553.6394514410295,1663.727116587772,140,217509.52320174413,232921.79632228805,101.57363926849085,101.9490646932608,199.39986688467525,196.64797392252925,0.010952996170304135,0.00058262350880477
36,T36_3,Treatment,3.0,1669.4136126214923,1784.1158442775309,140,233717.90576700892,249776.21819885433,97.84390730374801,100.35935560989547,200.35715088233118,184.17102440810564,0.011183343684487191,0.0006729446211593882
36,T36_4,Treatment,2.0,1344.0543948884417,1506.7706063166388,140,188167.61528438184,210947.88488432943,98.93422792656177,102.3779301589016,196.02948053191673,187.09347155278115,0.011287671875685135,0.007186087028583157
37,T37_1,Treatment,4.0,1916.4340076807212,1960.5289704746233,140,268300.761075301,274474.0558664473,100.34086353177659,100.18251653983523,202.8854249139392,186.0236249529811,0.011772819529483608,0.003497928640815858
37,T37_2,Treatment,2.0,1460.303970522673,1641.5813472198915,140,204442.55587317422,229821.3886107848,104.42633663312463,108.91930629379553,196.28847651867918,201.30162945787305,0.010846691089375617,0.008224397041427746
37,T37_3,Treatment,3.0,1509.3515622909165,1623.2296706680904,140,211309.2187207283,227252.15389353267,100.05579864857114,100.4963934275216,199.95792238689475,197.89594849992352,0.010965891302184911,-0.00044619237252015707
37,T37_4,Treatment,2.0,1445.0676016547304,1626.3732262355502,140,202309.46423166225,227692.25167297703,98.21970774267179,103.45923425437304,200.4447606887436,198.2917448313334,0.008497157585753487,0.00472159995549507
38,T38_1,Treatment,3.0,1543.4648006445286,1653.6141611182843,140,216085.072090234,231505.98255655981,96.30721318322576,95.4846844431013,195.6384063145552,197.48222262637296,0.011129324914223443,0.0015386199087051317
38,T38_2,Treatment,4.0,1714.59898503361,1746.5313700906886,140,240043.8579047054,244514.3918126964,100.91864506546798,101.45143321319993,205.3679371886693,183.329776207558,0.009664169666903696,0.0007420869269293949
38,T38_3,Treatment,4.0,1702.9527941942283,1745.9390539815802,140,238413.39118719197,244431.46755742122,96.30561357763807,97.39594152339112,197.60928206924268,193.38358863880663,0.010871130876170424,0.0022461350551808684
38,T38_4,Treatment,1.0,1233.729880637652,1522.3684245715797,140,172722.18328927128,213131.57944002116,101.15830086799541,115.92998095781839,203.14877035534283,213.6945088093428,0.010685617529012766,0.01554284877759191
39,T39_1,Treatment,4.0,1960.3558957640873,1999.3247656282333,140,274449.8254069722,279905.46718795266,100.08586068984502,98.96875994814273,196.99208345246558,197.06377198892648,0.010016878673385167,0.0015767878829987094
39,T39_2,Treatment,1.0,1174.7488255924538,1437.4433177363624,140,164464.83558294355,201242.06448309074,100.58913695058574,112.3981419162461,201.44162845078014,204.53261024962598,0.009656140353032888,0.015188484935671442
39,T39_3,Treatment,3.0,1527.0248670477129,1641.4816613153562,140,213783.4813866798,229807.43258414988,100.62764792215597,97.32467790663891,203.14563190146106,200.73718775724856,0.010799790060428548,0.00024081834467781923
39,T39_4,Treatment,2.0,1420.9377907638232,1603.1429498214736,140,198931.29070693525,224440.0129750063,100.52985089461065,105.57867451981708,207.27756329728587,194.95071173755193,0.008855893062788318,0.007881929969779832
40,T40_1,Treatment,1.0,1188.5592596249828,1466.3278931672673,140,166398.29634749758,205285.90504341744,97.89884379519545,110.97571774334449,200.78911546329078,195.1764447063804,0.008440244521728467,0.016443167989197482
40,T40_2,Treatment,2.0,1480.7205864283796,1657.6430927443498,140,207300.88209997315,232070.03298420898,98.56964736750705,99.88458883544098,193.22823490190817,192.54285017988968,0.009882948526209892,0.007525759633001956
40,T40_3,Treatment,1.0,1281.0126308328095,1573.9683783833855,140,179341.7683165933,220355.57297367396,100.84508000341127,115.02316119628013,208.4493698310896,207.77843286669662,0.011206933817946284,0.017747968153100417
40,T40_4,Treatment,3.0,1525.1289358033448,1638.0779420581089,140,213518.05101246826,229330.91188813525,103.672581061972,104.58021100181317,194.16627154198864,193.60799571242845,0.009830591039067653,-0.00019236382312059347
41,T41_1,Treatment,3.0,1624.1825511863392,1735.9869805502587,140,227385.5571660875,243038.17727703621,97.17739378882578,94.14136373230221,203.39523211581297,213.1878334604488,0.010582957000265984,-0.0005185434849969816
41,T41_2,Treatment,4.0,1944.8355735125106,1993.743476710032,140,272276.9802917515,279124.0867394045,102.11558489361047,103.00282542223154,201.78367330897942,192.88345519903612,0.010271485686361097,0.003495252608224532
41,T41_3,Treatment,3.0,1595.4720284087534,1706.513264934463,140,223366.08397722547,238911.8570908248,100.9329227890594,99.93598081914672,194.7129954920046,198.86994875759046,0.011222633148135418,0.0006394184679478453
41,T41_4,Treatment,2.0,1319.8891607290816,1498.408722128453,140,184784.48250207142,209777.22109798342,98.98588632868224,101.07838072463854,203.75954833024886,203.42917941521756,0.011454079457265353,0.010380660134249027
42,T42_1,Treatment,2.0,1385.7708196046485,1568.3111101507093,140,194007.9147446508,219563.5554210993,98.58557968146008,98.61216648863083,203.04201080556575,206.9604647445116,0.011215452870502669,0.007841955410217165
42,T42_2,Treatment,3.0,1545.2501946548982,1664.0631618676484,140,216335.02725168574,232968.8426614708,100.37845211705917,101.66538401199129,195.90562926537677,194.70406878394843,0.010837451840066322,0.0011932345174569983
42,T42_3,Treatment,3.0,1531.2950116591744,1640.6625223406731,140,214381.30163228442,229692.75312769425,101.66929614313824,102.65554386387178,185.3117710658478,196.8747323621266,0.009279492941658909,-0.0005185434849969816
42,T42_4,Treatment,4.0,1941.1335432890553,1982.8696112103837,140,271758.69606046774,277601.7455694537,99.19337692480046,98.80880962751104,205.12974413621023,199.31127377934826,0.009696742727052355,0.00314969672588559
43,T43_1,Treatment,4.0,1921.8626417476155,1963.7799026927287,140,269060.7698446662,274929.186376982,95.97376794997658,97.89429429856895,198.2564735194407,192.67253655919666,0.010044595251517706,0.001625504205439836
43,T43_2,Treatment,2.0,1395.5759849478507,1586.126773262503,140,195380.6378926991,222057.74825675043,101.60025733206602,103.57818289507753,197.56675445474673,178.1015749777027,0.011063303153569973,0.008628258769175771
43,T43_3,Treatment,2.0,1338.6641243646695,1518.2853422201263,140,187412.97741105373,212559.9479108177,100.75606821733949,103.23446251707281,202.04856573168058,206.33972526386287,0.01117152388915581,0.009091722970363186
43,T43_4,Treatment,1.0,736.1403816001715,913.0567600049275,140,103059.65342402401,127827.94640068985,102.15942661711141,117.27293419823081,204.63912091578263,205.45777671077187,0.011697503078534534,0.01894901973089201
44,T44_1,Treatment,2.0,1338.580638823863,1518.0334133410154,140,187401.28943534082,212524.67786774214,99.73916495797127,101.33513048989157,197.2501021749515,193.42227009765182,0.009574835038197465,0.006900757724092432
44,T44_2,Treatment,1.0,1209.839450995244,1476.1977808998204,140,169377.52313933417,206667.68932597485,99.69150278183469,107.63126941349437,199.67090164957415,196.54944191031623,0.009973675484140371,0.016359872978819835
44,T44_3,Treatment,2.0,1396.8094253920835,1588.8276049049516,140,195553.3195548917,222435.86468669324,101.00372245355241,102.43061829165153,210.52842657671513,218.66201290584738,0.01114482688607054,0.008989441117318944
44,T44_4,Treatment,3.0,1620.7320355255624,1730.1793999538427,140,226902.48497357874,242225.11599353797,99.57104761215864,100.62500341553137,198.7355905861557,194.02111020110854,0.00949822817008563,-0.0005185434849969816
45,T45_1,Treatment,3.0,1556.4144615802254,1660.1810215334617,140,217898.02462123157,232425.34301468465,100.37917813496048,101.14980718303727,200.46195271951098,201.53522473972245,0.009966604830093534,0.0017323750475390885
45,T45_2,Treatment,3.0,1494.2663607062664,1605.5472401742002,140,209197.2904988773,224776.61362438803,100.1974765071289,99.86807636200062,203.65137038513151,194.18114064270733,0.010171032945291187,6.868438586239863e-05
45,T45_3,Treatment,3.0,1563.1313961470833,1674.0624162602408,140,218838.39546059165,234368.7382764337,100.97921388877148,100.95616372014894,206.07038789335758,206.4918091856234,0.01053311967523941,0.0008478827181279437
45,T45_4,Treatment,2.0,1465.4214308512314,1650.9479923963324,140,205159.0003191724,231132.71893548654,101.48478395080056,105.9994594203861,198.1110078478135,188.03026765043202,0.009622496096097444,0.008761484384304307
46,T46_1,Treatment,3.0,1562.362442583572,1668.4900038974872,140,218730.74196170006,233588.60054564822,98.15530284078267,97.73144032039514,192.06494070571702,190.0357359265095,0.009398751943531325,-0.00027355360941171234
46,T46_2,Treatment,1.0,533.9402604447354,664.343174039622,140,74751.63646226295,93008.04436554707,101.21422004326584,115.72291299452607,201.15523076173955,203.94155336925937,0.010576219490861639,0.018110779016057073
46,T46_3,Treatment,2.0,1422.4687158953027,1598.5646363740477,140,199145.62022534237,223799.04909236668,98.29642246744987,102.4846242229502,199.0735547743522,200.35516480177625,0.011491078994592091,0.00811599040309127
46,T46_4,Treatment,2.0,1470.001546504627,1657.7295457275152,140,205800.21651064776,232082.13640185213,101.09235738661894,104.32965456194549,197.04252626083476,197.66787728297484,0.010033214658605913,0.005052117002816017
47,T47_1,Treatment,2.0,1400.8782479585534,1577.9697631200215,140,196122.9547141975,220915.766836803,98.56258919140966,98.38032219478693,190.2042140690312,186.69156529331917,0.010825405870926666,0.01008285484175847
47,T47_2,Treatment,2.0,1437.8728841896466,1621.9118717407011,140,201302.20378655053,227067.66204369816,101.67372301463992,104.52803135965617,197.35571740719794,192.02428574577675,0.00866928138910097,0.00553444398396089
47,T47_3,Treatment,4.0,1714.2497981625481,1757.0696037236016,140,239994.97174275675,245989.74452130424,97.38393583470122,96.28891810154815,204.92022202936244,207.46017751999742,0.009639391086807158,0.0008568014702411946
47,T47_4,Treatment,2.0,1323.8251634182814,1491.2369552197958,140,185335.5228785594,208773.1737307714,101.47824951902598,103.15567125250944,199.83166916428343,196.49148122058847,0.009194890880614601,0.00797421540833567
48,T48_1,Treatment,4.0,2163.4673925856673,2213.7169173636757,140,302885.4349619934,309920.3684309146,100.30440102146545,100.03009312773561,198.46191722665952,184.55511293500834,0.010742833762377061,0.001497705130102127
48,T48_2,Treatment,4.0,1709.7458418871556,1751.716362221302,140,239364.4178642018,245240.29071098228,98.71248681104211,98.70658003448081,210.31652603974828,198.5576440469788,0.009515213814599138,0.0012689333070205638
48,T48_3,Treatment,3.0,1501.3645875463674,1611.5310973870317,140,210191.04225649143,225614.35363418443,100.21842577359894,100.55930589260508,204.44014528026366,203.18032005902774,0.011170802280941845,0.0008492224326107534
48,T48_4,Treatment,2.0,1441.2580718612592,1629.7964729766672,140,201776.13006057628,228171.50621673343,100.80525866164643,105.87173802634798,206.17609741487254,202.92519721876207,0.011634457230707565,0.009943195362476872
49,T49_1,Treatment,2.0,1477.3000769058885,1669.5649801872974,140,206822.0107668244,233739.09722622164,99.57799987780481,98.36900148838336,201.13126994557172,193.36316716327667,0.011235523663006897,0.008675661696472657
49,T49_2,Treatment,1.0,1228.6646418373355,1519.6632806332902,140,172013.04985722696,212752.85928866063,100.95079389752244,115.3088138223479,205.38866299121008,204.3204560550672,0.010301226454476472,0.01827588929325017
49,T49_3,Treatment,2.0,1474.6960010431262,1663.972301171076,140,206457.44014603767,232956.12216395064,98.94563403401068,100.21224738931832,197.72457336792542,201.26447041712456,0.009325843019499187,0.007363012640642024
49,T49_4,Treatment,3.0,1586.8618178386453,1699.07177003405,140,222160.65449741035,237870.04780476697,101.45417944579901,101.89226012785296,197.1958365768634,197.54545558233565,0.008518282122565569,-0.0005185434849969816
50,T50_1,Treatment,3.0,1677.1192474924978,1785.102797675749,140,234796.6946489497,249914.39167460485,102.16950943367918,101.80296123344219,199.15570735382605,199.0363150625933,0.010904548133106118,-0.00048700715340609796
50,T50_2,Treatment,3.0,1677.163696563829,1796.395450525967,140,234802.91751893607,251495.36307363538,100.82498608187731,101.22430675570583,198.98966606700208,192.08413838787848,0.010882379874455575,0.001912044941353456
50,T50_3,Treatment,2.0,1420.7934988507486,1605.7786546125294,140,198911.0898391048,224809.01164575413,99.47059516290669,100.69412658920764,198.971200270327,192.02875386422963,0.011829371515233986,0.008345662082368976
50,T50_4,Treatment,1.0,1078.43208706395,1326.0977267049584,140,150980.49218895298,185653.68173869417,103.74291973496454,119.80152134694696,204.08312648745948,202.30230891565063,0.010799500862732824,0.0166065460178264
51,T51_1,Treatment,2.0,1302.5259749504953,1472.1142056765823,140,182353.63649306935,206095.98879472152,101.53616208835994,103.05003539835982,200.3081861386304,203.9808466271056,0.009452995364001845,0.007195717349893117
51,T51_2,Treatment,4.0,1986.9146756642454,2040.7190219349686,140,278168.05459299433,285700.6630708956,100.42185583625462,102.12839538966901,191.53089680876096,180.69464928955875,0.010876539677967619,0.003669670582319982
51,T51_3,Treatment,4.0,1772.0742568435135,1823.7614329573876,140,248090.3959580919,255326.60061403425,100.11708161257805,99.55553348925687,207.80344071226781,198.70089054717553,0.012687047828320518,0.003976826299391978
51,T51_4,Treatment,3.0,1614.1426387117813,1733.6932117977303,140,225979.96941964937,242717.04965168226,97.5696151829074,95.60257499285444,197.2684344907657,193.8348502091736,0.011019945100968818,0.0018483513771494148
52,T52_1,Treatment,1.0,1274.868489392492,1561.6100110332782,140,178481.58851494887,218625.40154465893,99.6061150057268,112.03942982476309,198.90879343875898,204.9331776485846,0.011245838943563225,0.017448940412754875
52,T52_2,Treatment,3.0,1504.3503093126624,1624.104402106305,140,210609.04330377272,227374.61629488273,96.72637189978981,95.51688073030186,195.06645256044953,193.60373397974573,0.007308858813910887,-0.0005185434849969816
52,T52_3,Treatment,1.0,1126.5561571217845,1385.4407751619692,140,157717.86199704983,193961.70852267568,99.52760728158584,111.96610099831858,192.15795975174524,183.34204099922755,0.010710240530333025,0.016063185011680504
52,T52_4,Treatment,2.0,1337.6757001117069,1515.6362899398637,140,187274.59801563897,212189.08059158092,98.63319046891752,102.92986302741376,196.7766540136942,186.3508138334777,0.010563740896724318,0.008814605933008184
53,T53_1,Treatment,2.0,1429.6957603149706,1614.4594437755093,140,200157.4064440959,226024.3221285713,100.09719504019357,97.79884436382977,202.0826693906032,199.71323211571487,0.010063679170953833,0.0069461712761157875
53,T53_2,Treatment,2.0,1394.764783260965,1573.9753807411382,140,195267.0696565351,220356.55330375934,96.50259422160934,98.41294562346056,206.7969250970223,204.46772767271975,0.009620364596198866,0.006896898330585667
53,T53_3,Treatment,4.0,1790.2373421373327,1842.4395668891657,140,250633.22789922656,257941.5393644832,99.2156977456854,96.59729693503974,192.64186531941053,182.91506258842003,0.008784940669594827,0.0023484974151083593
53,T53_4,Treatment,1.0,1077.6389886098932,1324.8558700601561,140,150869.45840538506,185479.82180842187,99.87775212683283,115.80230644085184,195.11088649339962,190.030162767601,0.010711073124099788,0.01796115333060775
54,T54_1,Treatment,1.0,1243.6270813659828,1529.8845034340923,140,174107.79139123758,214183.83048077291,99.90683345691895,110.30893209498764,201.76407008233065,197.39657022843093,0.011625039737511262,0.01697643221136063
54,T54_2,Treatment,1.0,1090.8503715138631,1352.1391558768833,140,152719.05201194083,189299.48182276366,95.56638018521772,111.75963459411899,192.10153969386806,187.59563173078922,0.01020064097246301,0.01685123217224356
54,T54_3,Treatment,1.0,1132.0507990141728,1391.432896888921,140,158487.1118619842,194800.60556444895,98.82639592419318,117.31294687144356,200.27220146718093,196.34956187571788,0.011288367765938579,0.018824651807150573
54,T54_4,Treatment,3.0,1540.4735317545237,1649.553866656423,140,215666.2944456333,230937.5413318992,100.65077937251118,100.48709270305396,200.91209142093413,192.20271439076419,0.009026570962419413,-0.0005185434849969816
55,T55_1,Treatment,1.0,1023.1246029036475,1263.444671481472,140,143237.44440651065,176882.25400740607,100.71138574021788,115.29996816713228,198.76632807632544,200.93197688735162,0.009543302772448109,0.018618068601802262
55,T55_2,Treatment,4.0,1729.41739647182,1771.2619355809704,140,242118.4355060548,247976.67098133586,98.32401030290228,94.3945228857118,206.24513312951544,196.53030973052725,0.00796786058517232,0.0007119593382153024
55,T55_3,Treatment,2.0,1429.2120297382064,1618.2217333357562,140,200089.6841633489,226551.04266700588,100.51860187730148,104.64668660520378,196.8557406141112,195.3352048972542,0.011711720354358565,0.00968113870560837
55,T55_4,Treatment,3.0,1523.8932625783223,1633.0668485870442,140,213345.05676096512,228629.35880218618,97.81024074448415,101.03493897168715,203.57173306814494,206.04073488935987,0.010023150429428532,-0.0005185434849969816
56,T56_1,Treatment,3.0,1600.02978421969,1720.1851661435312,140,224004.16979075663,240825.92326009437,101.52219746300172,101.94742233017067,193.21714928106422,201.18634259562327,0.010544128484640414,0.0011548959713330463
56,T56_2,Treatment,2.0,1373.0068067450518,1557.4334066855629,140,192220.95294430724,218040.67693597882,97.92679572541098,102.25158261243037,204.7091356358407,208.0135847609808,0.012228761288444254,0.011208859829597356
56,T56_3,Treatment,4.0,1813.0006775465422,1849.4436061130855,140,253820.0948565159,258922.10485583197,100.54497985704576,102.05411017010731,200.5582695418195,192.22540045764654,0.009351786433178973,0.002795310849615651
56,T56_4,Treatment,2.0,1444.9539448022385,1637.750490002966,140,202293.5522723134,229285.06860041525,97.36157909658277,98.60951618173836,203.0531158277455,200.55021647998376,0.010722054009917643,0.00837572400154335
57,T57_1,Treatment,3.0,1681.47783939225,1798.8427796132114,140,235406.897514915,251837.9891458496,99.25795952370771,98.37570200319138,199.41871406299757,199.41542872060532,0.01029445504475026,-0.0003791252427830955
57,T57_2,Treatment,2.0,1443.5230479933534,1624.5221081431228,140,202093.22671906947,227433.09514003719,101.03528232413416,102.10999563795707,201.35770861185821,197.5835186589663,0.012069778709682654,0.009295943696572167
57,T57_3,Treatment,3.0,1590.519079048006,1703.504522237854,140,222672.67106672085,238490.63311329955,101.85676013761592,100.78821923378723,196.37094657143066,192.2198036509561,0.00956209984686492,-0.00024667672983931554
57,T57_4,Treatment,3.0,1587.1555638679174,1695.4295455709205,140,222201.77894150844,237360.13637992888,104.08516150004753,104.9229477655958,204.99561673395712,191.87559119929315,0.011658890433605127,-0.00020032704542430856
58,T58_1,Treatment,3.0,1578.2477446571884,1682.2218400204595,140,220954.68425200638,235511.0576028643,99.70888290044688,98.89844849793668,201.9839055795876,192.80601652813223,0.010699875946424957,0.0009127870777904134
58,T58_2,Treatment,1.0,1210.9644079342531,1484.0370572280056,140,169535.01711079545,207765.18801192078,100.09510257779061,115.2729417853231,206.0304379724991,211.22628037711,0.01197238814135633,0.019357479378322974
58,T58_3,Treatment,3.0,1634.019493984761,1752.541083038499,140,228762.72915786656,245355.75162538985,99.601527477892,100.25443953286452,207.05953341699097,207.17682806179164,0.009981091528012374,-0.0005185434849969816
58,T58_4,Treatment,2.0,1407.5696660906503,1586.8567133611325,140,197059.75325269104,222159.93987055856,100.4185276205205,103.53359168928361,199.23111239937322,196.77136103086355,0.010262564739630591,0.007772973796594621
59,T59_1,Treatment,4.0,1692.4031719675045,1741.149220544765,140,236936.44407545062,243760.8908762671,100.29186933835204,101.01613526654084,197.8625518018798,198.83353822916607,0.011083278761993722,0.002664170497856328
59,T59_2,Treatment,1.0,857.5087294968379,1070.042965895054,140,120051.2221295573,149806.01522530758,98.51293729873206,108.87334534725527,194.4439548398858,198.75346477013733,0.011103128587012534,0.019372686223666648
59,T59_3,Treatment,1.0,1063.7218962040438,1312.7009329003683,140,148921.06546856614,183778.13060605156,98.78205710277557,110.7675190114453,191.37532906275814,186.0110203521644,0.00996154366074817,0.01723737539798713
59,T59_4,Treatment,3.0,1612.2904314610375,1718.7071639196085,140,225720.66040454526,240619.00294874518,101.86051414923551,102.24902891368744,191.77218283761852,196.63908412130203,0.009388274916496592,-0.0005185434849969816
60,T60_1,Treatment,4.0,2062.1350383520976,2106.399627695425,140,288698.90536929364,294895.94787735946,99.90622695355731,102.67283753173731,195.585415133246,188.13397045110239,0.009628821961102596,0.002718357936383885
60,T60_2,Treatment,4.0,1753.7743868639,1797.225141162898,140,245528.414160946,251611.5197628057,101.89883482159657,101.5202826485331,195.48865560906873,190.82021672686275,0.010917463050494835,0.0021855542726575833
60,T60_3,Treatment,2.0,1298.5214825605349,1459.8679516064542,140,181793.00755847487,204381.51322490358,99.11109758095687,101.80366348655095,200.36040366150246,203.82080528081048,0.01065208839120234,0.0094690891697062
60,T60_4,Treatment,1.0,995.6410382071423,1224.0362475376216,140,139389.74534899992,171365.07465526703,99.40038935053241,114.97126823878122,198.93597024921255,198.12189071528644,0.00825075504754996,0.015576671351614167
61,T61_1,Treatment,4.0,1726.0626291690146,1772.1867844266894,140,241648.76808366206,248106.1498197365,100.55667482393221,100.17382144023932,203.53804611097763,197.69846874317804,0.011289203212628034,0.004358433239693412
61,T61_2,Treatment,2.0,1479.0817962076437,1667.7867470931287,140,207071.45146907013,233490.144593038,99.39366120871426,101.92951605125566,197.58451843722986,190.0826211021655,0.010675269049214604,0.0076905815448816296
61,T61_3,Treatment,3.0,1680.4680281888445,1802.638099359669,140,235265.52394643825,252369.33391035366,101.96133830640935,98.84966164751023,204.68699084667,202.01585227696887,0.010444059736752815,-0.0005185434849969816
61,T61_4,Treatment,3.0,1537.8463794837664,1642.669483807908,140,215298.4931277273,229973.7277331071,103.23674458705544,103.5394569738984,200.32933489730706,191.33304925104812,0.011634546887603557,0.001895067699459881
62,T62_1,Treatment,3.0,1512.1496403566775,1620.8518861445589,140,211700.94964993486,226919.26406023823,100.2266674894623,100.53374175224651,195.89014059588786,190.01996254803234,0.01041102627425952,-0.0005185434849969816
62,T62_2,Treatment,4.0,2390.844396588482,2432.458594336139,140,334718.2155223875,340544.2032070595,98.96194287553705,98.77315668389308,202.4308123977796,195.08290555870775,0.010088903845414571,0.0039070670468894925
62,T62_3,Treatment,3.0,1501.4177745068553,1606.3528741110379,140,210198.48843095973,224889.4023755453,98.5677943341453,99.54424317660832,201.96202531265772,197.54470962630242,0.010343799013664109,-0.00012175572581957298
62,T62_4,Treatment,2.0,1455.4832000445497,1644.8419376694806,140,203767.64800623697,230277.87127372727,104.53992009516627,99.44608803035925,207.85582682522187,201.20761520904034,0.009387070904196264,0.006743663338588881
63,T63_1,Treatment,2.0,1466.8221601993225,1654.6949999215474,140,205355.10242790516,231657.29998901664,99.60956397420695,99.75369582232626,195.07946852781157,183.8234334001243,0.011043236685282518,0.008067800738546144
63,T63_2,Treatment,2.0,1328.195747808232,1510.9980632585605,140,185947.4046931525,211539.72885619846,99.5954205036977,100.26794311543439,204.34620777801857,213.0323477144375,0.011253472932982355,0.008705981229703594
63,T63_3,Treatment,4.0,1800.2966312351227,1852.167802844999,140,252041.52837291718,259303.49239829986,99.43681804733536,97.8167915692211,199.18704366598044,188.8694225798454,0.011224750213809276,0.005028340640658681
63,T63_4,Treatment,2.0,1397.1304626861242,1575.9016832089887,140,195598.2647760574,220626.23564925842,101.30246311856237,105.03337270826405,206.42009291291697,199.0838596311704,0.01037030615817866,0.008240826592014912
64,T64_1,Treatment,4.0,1694.0395745139058,1741.0764209783865,140,237165.5404319468,243750.6989369741,100.03014405032415,98.07183395132097,199.9963451158044,195.0011849959934,0.008070480189474828,7.742015001249106e-05
64,T64_2,Treatment,3.0,1588.637671764596,1706.017793834099,140,222409.27404704344,238842.49113677384,99.84895556533834,97.56465934423848,207.34617420900182,196.06166423749667,0.010442128841480427,0.0008277663578942071
64,T64_3,Treatment,4.0,1868.952521460257,1915.1266242683555,140,261653.35300443598,268117.72739756975,100.40038749382924,100.72091646337077,195.77286034072617,178.18332040858962,0.011174514693786174,0.002669647437111224
64,T64_4,Treatment,3.0,1629.3106419170374,1744.5187027392822,140,228103.48986838522,244232.6183834995,98.58626986459043,100.15481576726914,207.53907846822878,204.39207714148776,0.010496462314521476,-7.750024427744602e-06
65,T65_1,Treatment,1.0,1139.241328536235,1407.5809229135966,140,159493.7859950729,197061.32920790353,98.50847204552149,112.5677535041252,204.2079896152307,206.185006687914,0.010364992477508479,0.017170742474414476
65,T65_2,Treatment,1.0,1105.3104273043468,1368.036563848252,140,154743.45982260857,191525.11893875527,99.08551438623952,112.13740456140532,206.38376695189984,207.29643515907367,0.009183493785868878,0.015816896547644434
65,T65_3,Treatment,4.0,1925.7675066435995,1975.2034985569317,140,269607.45093010395,276528.48979797045,102.82683628899446,104.61657301439465,199.46642909292507,198.17313982953607,0.011139285336070073,0.003350946015119428
65,T65_4,Treatment,2.0,1320.6435218411966,1487.5106748504422,140,184890.09305776752,208251.49447906192,100.17227723478959,99.70181333933492,197.0558126424754,186.14325645818172,0.008852028624707143,0.007542731657726743
66,T66_1,Treatment,1.0,1107.0759888836333,1364.978487326317,140,154990.63844370865,191096.98822568438,99.03283536816926,112.90544485090902,196.48753887446335,202.74274909368924,0.010664937797819376,0.018855988844041258
66,T66_2,Treatment,2.0,1302.3711828596015,1475.4950049337983,140,182331.9656003442,206569.30069073176,101.97270945976803,102.33517104871224,204.50071910304945,198.94071653238544,0.010911485287191063,0.00644373483394565
66,T66_3,Treatment,4.0,1882.6443489109313,1929.9788985066775,140,263570.20884753036,270197.0457909349,103.53016042926582,104.16370762585606,204.55847188646032,198.67099141985275,0.010240549101020825,0.004189039528998124
66,T66_4,Treatment,1.0,1077.1928631359754,1319.8452516023442,140,150807.00083903654,184778.33522432818,101.90235730034068,116.7111728548362,203.385492695244,199.72561445143114,0.011816472017440105,0.019207819264944262
67,T67_1,Treatment,1.0,1243.3082016926462,1537.8030259319446,140,174063.14823697048,215292.42363047224,102.14439814420848,115.38727043439818,195.4770217184513,195.98645492424325,0.010525362987436117,0.01787833222699986
67,T67_2,Treatment,2.0,1303.2145101815731,1474.3390973184285,140,182450.03142542025,206407.47362458,100.55275016401717,102.66827491479435,199.39139103774394,194.85546572780285,0.009028766278669702,0.00724108002593022
67,T67_3,Treatment,1.0,1127.8998007785704,1390.8979948687747,140,157905.97210899985,194725.71928162847,101.97878579591567,115.72706348627965,197.29003662941582,195.04917374193377,0.010187290580315105,0.01659578821456323
67,T67_4,Treatment,1.0,1147.9585612670298,1419.4508764449572,140,160714.19857738417,198723.122702294,100.96501920547676,114.56134121725933,203.8721475874019,204.8436735740821,0.010707508598635488,0.017379139761886243
68,T68_1,Treatment,1.0,1047.8243702414316,1289.780997115151,140,146695.4118338004,180569.33959612114,98.69497063829922,109.95384493463884,204.6249266700223,198.94549384654687,0.010650953390749503,0.01973511676840775
68,T68_2,Treatment,2.0,1364.9005388795124,1544.8713764671347,140,191086.07544313173,216281.99270539885,101.52003084532964,101.3888801119528,198.9832832497664,204.8869911475992,0.009732509959184215,0.006497744908282548
68,T68_3,Treatment,2.0,1396.7841132985036,1579.065042439027,140,195549.7758617905,221069.10594146376,100.88451338622255,104.6050319168507,198.2986658424083,194.51186450609447,0.010675201085270302,0.008925095921899098
68,T68_4,Treatment,2.0,1298.4953165595373,1469.5651902192885,140,181789.3443183352,205739.1266307004,101.28846008990017,102.9469382772801,190.6028288038768,190.67285965094905,0.009774117328496233,0.00867057714929592
69,T69_1,Treatment,1.0,1007.1474111302367,1241.3635323723222,140,141000.63755823314,173790.8945321251,102.03127650711379,116.49111019107995,196.03727021089549,191.11959601195315,0.00800243908618738,0.014951610150438294
69,T69_2,Treatment,4.0,1879.2575468773277,1924.357575728946,140,263096.05656282586,269410.0606020524,99.21611532336487,97.70721921386962,195.5913063505048,187.27118829830042,0.011343518525457917,0.002358650513590801
69,T69_3,Treatment,1.0,1104.5331140688809,1361.6491124258848,140,154634.63596964334,190630.87573962388,99.48311443408747,116.5553038419322,203.408665571948,199.47486984076,0.010606240058710142,0.01894908101298133
69,T69_4,Treatment,3.0,1586.6668764273904,1707.8630333122458,140,222133.36269983466,239100.82466371442,100.31314765768738,99.36052793243454,203.6270988661472,206.54637371445824,0.010142659872201098,0.001710359349437251
70,T70_1,Treatment,1.0,1180.8267848848664,1458.9035927175878,140,165315.7498838813,204246.5029804623,100.15772002364527,117.17811977789212,191.69167489101034,188.60640728920765,0.010985580550757325,0.017482001734102436
70,T70_2,Treatment,4.0,1703.7518228429874,1744.9721962997219,140,238525.25519801825,244296.10748196105,98.11519168373736,98.42089757760954,202.73495390006832,193.52691169547143,0.011780944847390644,0.0026450919961441867
70,T70_3,Treatment,4.0,1790.0064693706784,1829.9333289759227,140,250600.90571189497,256190.66605662918,99.06824292116086,98.87307278186277,197.82203201209842,189.99890403615615,0.012272802544682463,0.0026047023686153466
70,T70_4,Treatment,1.0,1239.9726868322325,1525.5594643974164,140,173596.17615651255,213578.3250156383,102.7880566709875,113.75358122047784,200.0208794214353,207.48205866229742,0.010105961560346922,0.017924178626574395
71,T71_1,Treatment,1.0,926.1420439113913,1139.1362619568167,140,129659.88614759478,159479.07667395435,100.2796013193896,114.99591996798944,195.36293382587138,200.9679774471268,0.011343862272780138,0.018650330766304936
71,T71_2,Treatment,4.0,1711.9929585624113,1756.2707608630017,140,239679.0141987376,245877.90652082022,100.99425847291823,99.31107946071528,192.49141999660327,187.8791681923388,0.012281231258375052,0.004752910702948539
71,T71_3,Treatment,4.0,2065.9969268346194,2114.187911686271,140,289239.5697568467,295986.3076360779,101.81957864386099,98.81554597881289,205.43766048727625,198.48697564744347,0.01039550749212659,0.001073686434842852
71,T71_4,Treatment,3.0,1627.9651247882593,1736.1778951188887,140,227915.11747035632,243064.90531664444,98.09704887509601,101.44891363606821,194.5579844157598,184.6296843640573,0.00940299144156736,-0.0005185434849969816
72,T72_1,Treatment,3.0,1551.4200892644444,1662.9864397783451,140,217198.8124970222,232818.10156896833,101.63754116346651,104.4979416627971,201.06532511197688,196.71804236219384,0.0119048607559527,0.001726803019109348
72,T72_2,Treatment,4.0,1749.1849457035858,1797.8149265717043,140,244885.892398502,251694.0897200386,99.33777623369637,97.13005921458488,193.25953053861429,191.37306912695718,0.010198764763136864,0.003767085014072668
72,T72_3,Treatment,4.0,1732.7732166196345,1776.826237921684,140,242588.25032674882,248755.67330903574,98.32565278471266,100.1694982272838,197.80512766130437,197.46277166520701,0.010261880676807405,0.004280097940054207
72,T72_4,Treatment,1.0,1254.560112692226,1543.7907899252095,140,175638.41577691166,216130.71058952934,100.60618366760156,115.57627304675701,196.99567725627733,195.65813636584204,0.010237628620056631,0.016850588409392686
73,T73_1,Treatment,2.0,1305.5113696115347,1465.5297653430935,140,182771.59174561486,205174.1671480331,99.91254662056052,105.99348884672789,201.4111040978474,190.94206650502105,0.010797456443365161,0.009449876286863468
73,T73_2,Treatment,3.0,1686.5938278373023,1803.6281757350273,140,236123.13589722232,252507.94460290382,101.22850856000584,99.39166676627097,201.22812072526412,189.53001160934568,0.011013339049095294,0.0010081187275776536
73,T73_3,Treatment,2.0,1460.0527585764412,1644.207569281474,140,204407.38620070176,230189.05969940635,100.44290811479108,101.60361356534581,205.88924312834763,205.42653251168255,0.010317569537923506,0.008132353149580916
73,T73_4,Treatment,4.0,1898.2384415795948,1938.6783027432614,140,265753.38182114327,271414.9623840566,100.91872828714702,100.86740302147616,205.4755335052431,201.68019912168853,0.007665491672507855,7.742015001249106e-05
74,T74_1,Treatment,1.0,1291.9541186819015,1595.8382060681097,140,180873.5766154662,223417.34884953537,97.28605663513315,109.63657649547429,194.65378719654132,195.24743662524241,0.011132301957120038,0.018797537750343714
74,T74_2,Treatment,4.0,1728.4397378810734,1763.5649209554676,140,241981.56330335027,246899.08893376548,101.40119179201974,99.62436199329457,196.19321235899082,179.8810092194036,0.0110381387437816,0.005808638202354065
74,T74_3,Treatment,3.0,1606.0481572312974,1719.895319513195,140,224846.74201238164,240785.34473184732,100.11159485866528,96.76618587685721,205.72609095808232,200.0409334559495,0.012492979843334567,0.0010554635780207176
74,T74_4,Treatment,2.0,1465.3254937076388,1650.7445712073832,140,205145.56911906943,231104.23996903363,99.4557815738517,100.69972272684842,195.14788219346588,185.43783384443492,0.00891328328207893,0.007404607047536479
75,T75_1,Treatment,4.0,1856.0299943709113,1899.6755864126676,140,259844.19921192757,265954.58209777344,102.22329335777577,101.81119476226704,204.84203344697343,192.99442557490337,0.012689337657378846,0.00530025861968759
75,T75_2,Treatment,4.0,1707.278222680758,1749.935471729628,140,239018.95117530614,244990.96604214792,98.87857152725562,99.55188696074772,197.88675846958958,193.84971179453757,0.010905815511672369,0.002778332871563987
75,T75_3,Treatment,1.0,1201.7666168058977,1478.9820617560545,140,168247.32635282568,207057.48864584762,101.08563419466003,112.84416203664752,203.802305933958,195.5463031682233,0.012638408301701784,0.018111637287488498
75,T75_4,Treatment,4.0,1695.3223669464833,1737.5067833678213,140,237345.13137250766,243250.94967149498,100.81173089791616,99.17590057419412,199.661320436527,201.3132430574187,0.00891850311785214,0.000774597374878898
76,T76_1,Treatment,4.0,1915.753952268789,1952.9825699112323,140,268205.55331763043,273417.55978757254,96.89060680656942,94.82740187820687,209.5520037118976,197.163156962329,0.009345290265368532,0.003155663076139426
76,T76_2,Treatment,2.0,1464.123356125142,1650.6207883901445,140,204977.2698575199,231086.91037462023,101.20619157502556,105.25814626370213,202.9081775969841,199.8475791430762,0.010711751353898496,0.007425192249006297
76,T76_3,Treatment,2.0,1428.660007705037,1610.7185513265129,140,200012.40107870518,225500.5971857118,97.3057751911222,98.33951289768801,198.2454573451203,192.97750219509703,0.011130359473106527,0.00871935421880694
76,T76_4,Treatment,2.0,1302.3626185274716,1474.707062658509,140,182330.76659384603,206458.98877219125,101.45012514002899,106.92445532192106,193.20803793170182,192.08621531982004,0.011556180035631868,0.010732475963811338
77,T77_1,Treatment,3.0,1499.1755971179236,1613.830563396403,140,209884.5835965093,225936.2788754964,99.88468134434184,100.6550267897159,198.69163194976483,196.42787796084485,0.010873402388803095,0.0005422679114233026
77,T77_2,Treatment,4.0,1709.116968636402,1757.3022393468705,140,239276.37560909626,246022.31350856187,99.94261183117703,95.84286655055286,205.80821963370553,199.52675965542463,0.00940155622739442,0.0025717854372734857
77,T77_3,Treatment,1.0,1257.9562729469048,1547.2337599976486,140,176113.8782125667,216612.7263996708,98.15160231252136,108.80032451006777,203.80354630942242,202.62331447143686,0.010268912065613157,0.017860206389213512
77,T77_4,Treatment,1.0,1099.349494599357,1348.5170853848301,140,153908.92924390998,188792.3919538762,102.13549491986213,115.07421727304289,197.5781717305992,198.1011560148964,0.008423171028721381,0.016226747145312213
78,T78_1,Treatment,2.0,1390.5317895259511,1573.6041271178237,140,194674.45053363315,220304.57779649532,101.9939032606973,105.42079117698115,203.6609341351878,205.35632687526677,0.010177211718053041,0.007044781019775164
78,T78_2,Treatment,1.0,1089.339269222904,1335.7124057221172,140,152507.49769120658,186999.7368010964,99.74241725278063,113.94516171933822,202.91208548948106,208.35802850257275,0.01002871147056402,0.017318457553355905
78,T78_3,Treatment,3.0,1660.2222952053185,1778.5222227792106,140,232431.12132874457,248993.11118908948,99.4406424144677,97.19294686562122,199.59386675994358,203.19042067483588,0.010144554503332103,-0.00046887073875252153
78,T78_4,Treatment,2.0,1375.2498318223888,1547.9631168357996,140,192534.97645513443,216714.83635701195,101.48137611608232,103.31983025662028,207.10166846307013,198.87569726845413,0.01048229611408478,0.008336390110622672
79,T79_1,Treatment,1.0,976.636209455287,1203.2798727609602,140,136729.06932374017,168459.18218653442,95.63927792309211,108.27130555903148,202.34053672293996,203.69284663671897,0.008639413189849558,0.016967009781032605
79,T79_2,Treatment,2.0,1398.674508398976,1583.0803708583412,140,195814.43117585665,221631.25192016776,99.78965712121965,101.87393201971071,194.70022251224086,187.56695200876325,0.009048671123480186,0.006336320582700866
79,T79_3,Treatment,2.0,1445.4722670823019,1634.56792230509,140,202366.11739152228,228839.5091227126,101.00831098246681,109.15449482228684,199.75049278425325,199.2604261063171,0.012508669198159277,0.00997038555944517
79,T79_4,Treatment,3.0,1637.997446828444,1746.432814560219,140,229319.64255598217,244500.59403843066,102.45803865787322,104.10894927779164,196.24846438020873,197.03299920424953,0.00943000976600527,-0.0005185434849969816
80,T80_1,Treatment,2.0,1459.647699874266,1649.7169658708026,140,204350.67798239723,230960.37522191237,98.44469522436536,101.797492686203,191.47280576819213,193.52301265706922,0.01204878798216967,0.010111684008814664
80,T80_2,Treatment,4.0,2063.8746998724714,2115.601576709206,140,288942.457982146,296184.22073928884,101.5910349602764,103.20329479036639,200.560193492545,197.6567911654113,0.011997033944156027,0.0023441830409838826
80,T80_3,Treatment,2.0,1347.6456073588292,1515.8633062034817,140,188670.3850302361,212220.86286848743,101.67205698805496,104.4252580588989,198.46144771373272,204.1274824089086,0.010511945775206435,0.007899251701491512
80,T80_4,Treatment,2.0,1484.537198245837,1677.2434846480292,140,207835.2077544172,234814.08785072409,97.79942197906948,99.89223493777415,201.1018163208052,197.25937177667305,0.010418938020175031,0.008072353705135382
81,T81_1,Treatment,2.0,1472.383578541728,1661.9507689262273,140,206133.7009958419,232673.10764967182,101.18531480275195,105.70294847874392,207.4360323358062,198.42617381984547,0.00761355694845201,0.00476579851033803
81,T81_2,Treatment,2.0,1418.468247498422,1606.441772207003,140,198585.55464977908,224901.8481089804,101.06316734947966,100.45880866166748,206.45935288721952,205.88519555837496,0.011579042355732736,0.007410838862060289
81,T81_3,Treatment,3.0,1545.984438324411,1657.8554532520475,140,216437.82136541753,232099.76345528665,102.20836321620918,102.63107779250353,202.85644444804944,195.36522948610386,0.01004585067466119,8.095516908481631e-05
81,T81_4,Treatment,3.0,1665.6261519798309,1779.2132496205197,140,233187.66127717632,249089.85494687277,100.12496195998551,96.61144791600631,198.43895539909494,197.39160134436457,0.009222903495086534,0.00020261084205008264
82,T82_1,Treatment,4.0,1905.2863738814594,1945.9463598129564,140,266740.0923434043,272432.4903738139,103.1214473308138,103.72553042969491,196.85931359002234,188.50958992498525,0.010842375782061006,0.0013395783595447485
82,T82_2,Treatment,1.0,1032.47992460219,1272.351301468974,140,144547.1894443066,178129.18220565637,99.39557540199964,111.63120040654617,200.39191518559588,202.27736900315568,0.010976541021080024,0.017925113461065643
82,T82_3,Treatment,2.0,1350.153900678693,1534.661299164819,140,189021.54609501702,214852.58188307466,100.81130823278028,102.87937530446062,206.883976014405,201.3781254734935,0.011106640973977275,0.008956559933704509
82,T82_4,Treatment,2.0,1368.9253352148562,1554.535088014938,140,191649.54693007987,217634.91232209135,99.10368527175837,95.8172585785145,196.03602459722867,189.95776992567346,0.011356591663316854,0.009452886531466573
83,T83_1,Treatment,4.0,1784.6118520290408,1832.2103386420379,140,249845.6592840657,256509.4474098853,100.75833185522656,101.53815945669008,200.2636976751577,185.13610720980552,0.010978110596736123,0.0018860604593638763
83,T83_2,Treatment,2.0,1396.2578444985259,1577.524634253867,140,195476.09822979363,220853.44879554136,101.51818502618796,102.89774658203282,197.4456589640938,203.07293132860585,0.01013853163752056,0.009177529933223093
83,T83_3,Treatment,1.0,934.7040848967334,1156.2923196171128,140,130858.57188554268,161880.9247463958,99.65554653055449,110.65106309800407,211.82502495518096,213.01891900079104,0.01167465416867272,0.018542187878700753
83,T83_4,Treatment,3.0,1529.575901980502,1635.5263787269812,140,214140.6262772703,228973.69302177738,98.12022849661797,99.070369916772,200.44590078864212,197.23593917966804,0.012473687122936745,0.002343317467171156
84,T84_1,Treatment,3.0,1493.1499933582472,1604.7292033651588,140,209040.99907015462,224662.08847112223,97.47983161245074,97.15010273563912,197.16825778044472,195.5944573788139,0.010358814737337943,0.0004873403837640977
84,T84_2,Treatment,3.0,1557.1822325519236,1663.9787755504249,140,218005.5125572693,232957.02857705948,100.40876967690542,100.60817401432826,199.75220591352627,197.22215736487203,0.011161903054935042,0.002242675536840551
84,T84_3,Treatment,1.0,1191.2078985266844,1466.7172294021734,140,166769.10579373583,205340.41211630427,101.08256605928251,115.46815586699242,196.82978087156377,197.9007437469728,0.011061182856357168,0.018432895280144357
84,T84_4,Treatment,4.0,2018.96716714588,2069.645568424144,140,282655.4034004232,289750.37957938015,99.67050566216666,100.2417383989698,208.37731497784347,208.76023457757532,0.010693511676726147,0.00247832429916631
